-- MySQL dump 10.13  Distrib 5.7.19, for Win64 (x86_64)
--
-- Host: 127.0.0.1    Database: mt
-- ------------------------------------------------------
-- Server version	5.7.19

/*!40101 SET @OLD_CHARACTER_SET_CLIENT=@@CHARACTER_SET_CLIENT */;
/*!40101 SET @OLD_CHARACTER_SET_RESULTS=@@CHARACTER_SET_RESULTS */;
/*!40101 SET @OLD_COLLATION_CONNECTION=@@COLLATION_CONNECTION */;
/*!40101 SET NAMES utf8 */;
/*!40103 SET @OLD_TIME_ZONE=@@TIME_ZONE */;
/*!40103 SET TIME_ZONE='+00:00' */;
/*!40014 SET @OLD_UNIQUE_CHECKS=@@UNIQUE_CHECKS, UNIQUE_CHECKS=0 */;
/*!40014 SET @OLD_FOREIGN_KEY_CHECKS=@@FOREIGN_KEY_CHECKS, FOREIGN_KEY_CHECKS=0 */;
/*!40101 SET @OLD_SQL_MODE=@@SQL_MODE, SQL_MODE='NO_AUTO_VALUE_ON_ZERO' */;
/*!40111 SET @OLD_SQL_NOTES=@@SQL_NOTES, SQL_NOTES=0 */;

--
-- Table structure for table `m_account`
--

DROP TABLE IF EXISTS `m_account`;
/*!40101 SET @saved_cs_client     = @@character_set_client */;
/*!40101 SET character_set_client = utf8 */;
CREATE TABLE `m_account` (
  `id` int(11) NOT NULL AUTO_INCREMENT,
  `username` varchar(50) NOT NULL,
  `password` varchar(40) NOT NULL,
  `pri` int(11) NOT NULL DEFAULT '2',
  `recent_city` int(11) NOT NULL DEFAULT '1',
  `account_img` varchar(100) NOT NULL DEFAULT '/assets/images/default/user.png',
  `sex` int(11) NOT NULL DEFAULT '0',
  `birth` date DEFAULT '1970-01-01',
  `constellation` int(11) DEFAULT '0',
  `hobby` varchar(1000) DEFAULT NULL,
  `disabled` int(11) DEFAULT '0',
  `created_at` datetime NOT NULL DEFAULT CURRENT_TIMESTAMP,
  `updated_at` datetime NOT NULL DEFAULT CURRENT_TIMESTAMP ON UPDATE CURRENT_TIMESTAMP,
  PRIMARY KEY (`id`),
  UNIQUE KEY `username` (`username`)
) ENGINE=InnoDB AUTO_INCREMENT=10 DEFAULT CHARSET=utf8;
/*!40101 SET character_set_client = @saved_cs_client */;

--
-- Dumping data for table `m_account`
--

LOCK TABLES `m_account` WRITE;
/*!40000 ALTER TABLE `m_account` DISABLE KEYS */;
INSERT INTO `m_account` VALUES (1,'root','7c4a8d09ca3762af61e59520943dc26494f8941b',0,1,'/assets/images/upload/3957d05c-be1b-4ff5-98fc-d0f5b47bda6d.jpg',0,'1970-01-01',0,NULL,0,'2019-05-11 16:34:06','2019-05-11 16:34:06'),(3,'admin','7c4a8d09ca3762af61e59520943dc26494f8941b',1,1,'/assets/images/upload/3957d05c-be1b-4ff5-98fc-d0f5b47bda6d.jpg',2,'1996-02-21',12,'没有',0,'2019-04-11 17:54:35','2019-05-11 19:57:33'),(4,'gscsdlz','7c4a8d09ca3762af61e59520943dc26494f8941b',2,1,'/assets/images/default/user.png',1,'1996-02-21',2,'guess',0,'2019-05-06 15:11:50','2019-05-11 19:57:33'),(9,'Daemon','7c4a8d09ca3762af61e59520943dc26494f8941b',2,1,'/assets/images/default/user.png',0,'1970-01-01',0,NULL,0,'2019-05-06 19:41:34','2019-05-11 19:57:33');
/*!40000 ALTER TABLE `m_account` ENABLE KEYS */;
UNLOCK TABLES;

--
-- Table structure for table `m_city`
--

DROP TABLE IF EXISTS `m_city`;
/*!40101 SET @saved_cs_client     = @@character_set_client */;
/*!40101 SET character_set_client = utf8 */;
CREATE TABLE `m_city` (
  `id` int(11) NOT NULL AUTO_INCREMENT,
  `province` varchar(10) NOT NULL,
  `city` varchar(20) NOT NULL,
  PRIMARY KEY (`id`)
) ENGINE=InnoDB AUTO_INCREMENT=659 DEFAULT CHARSET=utf8;
/*!40101 SET character_set_client = @saved_cs_client */;

--
-- Dumping data for table `m_city`
--

LOCK TABLES `m_city` WRITE;
/*!40000 ALTER TABLE `m_city` DISABLE KEYS */;
INSERT INTO `m_city` VALUES (1,'北京','北京'),(2,'上海','上海'),(3,'天津','天津'),(4,'重庆','重庆'),(5,'安徽','安庆'),(6,'安徽','蚌埠'),(7,'安徽','亳州'),(8,'安徽','巢湖'),(9,'安徽','滁州'),(10,'安徽','阜阳'),(11,'安徽','贵池'),(12,'安徽','合肥'),(13,'安徽','淮北'),(14,'安徽','淮南'),(15,'安徽','黄山'),(16,'安徽','界首'),(17,'安徽','六安'),(18,'安徽','马鞍山'),(19,'安徽','明光'),(20,'安徽','宁国'),(21,'安徽','天长'),(22,'安徽','桐城'),(23,'安徽','铜陵'),(24,'安徽','芜湖'),(25,'安徽','宿州'),(26,'安徽','宣州'),(27,'福建','福安'),(28,'福建','福鼎'),(29,'福建','福清'),(30,'福建','福州'),(31,'福建','建瓯'),(32,'福建','建阳'),(33,'福建','晋江'),(34,'福建','龙海'),(35,'福建','龙岩'),(36,'福建','南安'),(37,'福建','南平'),(38,'福建','宁德'),(39,'福建','莆田'),(40,'福建','泉州'),(41,'福建','三明'),(42,'福建','厦门'),(43,'福建','邵武'),(44,'福建','石狮'),(45,'福建','武夷山'),(46,'福建','永安'),(47,'福建','漳平'),(48,'福建','漳州'),(49,'福建','长乐'),(50,'甘肃','白银'),(51,'甘肃','敦煌'),(52,'甘肃','合作'),(53,'甘肃','嘉峪关'),(54,'甘肃','金昌'),(55,'甘肃','酒泉'),(56,'甘肃','兰州'),(57,'甘肃','临夏'),(58,'甘肃','平凉'),(59,'甘肃','天水'),(60,'甘肃','武威'),(61,'甘肃','西峰'),(62,'甘肃','玉门'),(63,'甘肃','张掖'),(64,'广东','潮阳'),(65,'广东','潮州'),(66,'广东','澄海'),(67,'广东','从化'),(68,'广东','东莞'),(69,'广东','恩平'),(70,'广东','番禺'),(71,'广东','佛山'),(72,'广东','高明'),(73,'广东','高要'),(74,'广东','高州'),(75,'广东','广州'),(76,'广东','河源'),(77,'广东','鹤山'),(78,'广东','花都'),(79,'广东','化州'),(80,'广东','惠阳'),(81,'广东','惠州'),(82,'广东','江门'),(83,'广东','揭阳'),(84,'广东','开平'),(85,'广东','乐昌'),(86,'广东','雷州'),(87,'广东','连州'),(88,'广东','廉江'),(89,'广东','陆丰'),(90,'广东','罗定'),(91,'广东','茂名'),(92,'广东','梅州'),(93,'广东','南海'),(94,'广东','南雄'),(95,'广东','普宁'),(96,'广东','清远'),(97,'广东','三水'),(98,'广东','汕头'),(99,'广东','汕尾'),(100,'广东','韶关'),(101,'广东','深圳'),(102,'广东','顺德'),(103,'广东','四会'),(104,'广东','台山'),(105,'广东','吴川'),(106,'广东','新会'),(107,'广东','信宜'),(108,'广东','兴宁'),(109,'广东','阳春'),(110,'广东','阳江'),(111,'广东','英德'),(112,'广东','云浮'),(113,'广东','增城'),(114,'广东','湛江'),(115,'广东','肇庆'),(116,'广东','中山'),(117,'广东','珠海'),(118,'广西','百色'),(119,'广西','北海'),(120,'广西','北流'),(121,'广西','岑溪'),(122,'广西','东兴'),(123,'广西','防城港'),(124,'广西','贵港'),(125,'广西','桂林'),(126,'广西','桂平'),(127,'广西','合山'),(128,'广西','河池'),(129,'广西','贺州'),(130,'广西','柳州'),(131,'广西','南宁'),(132,'广西','凭祥'),(133,'广西','钦州'),(134,'广西','梧州'),(135,'广西','宜州'),(136,'广西','玉林'),(137,'贵州','安顺'),(138,'贵州','毕节'),(139,'贵州','赤水'),(140,'贵州','都匀'),(141,'贵州','福泉'),(142,'贵州','贵阳'),(143,'贵州','凯里'),(144,'贵州','六盘水'),(145,'贵州','清镇'),(146,'贵州','仁怀'),(147,'贵州','铜仁'),(148,'贵州','兴义'),(149,'贵州','遵义'),(150,'海南','儋州'),(151,'海南','东方'),(152,'海南','海口'),(153,'海南','琼海'),(154,'海南','琼山'),(155,'海南','三亚'),(156,'海南','通什'),(157,'海南','万宁'),(158,'海南','文昌'),(159,'河北','安国'),(160,'河北','霸州'),(161,'河北','保定'),(162,'河北','泊头'),(163,'河北','沧州'),(164,'河北','承德'),(165,'河北','定州'),(166,'河北','丰南'),(167,'河北','高碑店'),(168,'河北','藁城'),(169,'河北','邯郸'),(170,'河北','河间'),(171,'河北','衡水'),(172,'河北','黄骅'),(173,'河北','冀州'),(174,'河北','晋州'),(175,'河北','廊坊'),(176,'河北','鹿泉'),(177,'河北','南宫'),(178,'河北','迁安'),(179,'河北','秦皇岛'),(180,'河北','任丘'),(181,'河北','三河'),(182,'河北','沙河'),(183,'河北','深州'),(184,'河北','石家庄'),(185,'河北','唐山'),(186,'河北','武安'),(187,'河北','辛集'),(188,'河北','新乐'),(189,'河北','邢台'),(190,'河北','张家口'),(191,'河北','涿州'),(192,'河北','遵化'),(193,'河南','安阳'),(194,'河南','登封'),(195,'河南','邓州'),(196,'河南','巩义'),(197,'河南','鹤壁'),(198,'河南','辉县'),(199,'河南','济源'),(200,'河南','焦作'),(201,'河南','开封'),(202,'河南','林州'),(203,'河南','灵宝'),(204,'河南','洛阳'),(205,'河南','漯河'),(206,'河南','孟州'),(207,'河南','南阳'),(208,'河南','平顶山'),(209,'河南','濮阳'),(210,'河南','沁阳'),(211,'河南','汝州'),(212,'河南','三门峡'),(213,'河南','商丘'),(214,'河南','卫辉'),(215,'河南','舞钢'),(216,'河南','项城'),(217,'河南','新密'),(218,'河南','新乡'),(219,'河南','新郑'),(220,'河南','信阳'),(221,'河南','许昌'),(222,'河南','偃师'),(223,'河南','义马'),(224,'河南','荥阳'),(225,'河南','永城'),(226,'河南','禹州'),(227,'河南','长葛'),(228,'河南','郑州'),(229,'河南','周口'),(230,'河南','驻马店'),(231,'黑龙江','阿城'),(232,'黑龙江','安达'),(233,'黑龙江','北安'),(234,'黑龙江','大庆'),(235,'黑龙江','富锦'),(236,'黑龙江','哈尔滨'),(237,'黑龙江','海林'),(238,'黑龙江','海伦'),(239,'黑龙江','鹤岗'),(240,'黑龙江','黑河'),(241,'黑龙江','虎林'),(242,'黑龙江','鸡西'),(243,'黑龙江','佳木斯'),(244,'黑龙江','密山'),(245,'黑龙江','牡丹江'),(246,'黑龙江','穆棱'),(247,'黑龙江','讷河'),(248,'黑龙江','宁安'),(249,'黑龙江','七台河'),(250,'黑龙江','齐齐哈尔'),(251,'黑龙江','尚志'),(252,'黑龙江','双城'),(253,'黑龙江','双鸭山'),(254,'黑龙江','绥芬河'),(255,'黑龙江','绥化'),(256,'黑龙江','铁力'),(257,'黑龙江','同江'),(258,'黑龙江','五常'),(259,'黑龙江','五大连池'),(260,'黑龙江','伊春'),(261,'黑龙江','肇东'),(262,'湖北','安陆'),(263,'湖北','大冶'),(264,'湖北','丹江口'),(265,'湖北','当阳'),(266,'湖北','鄂州'),(267,'湖北','恩施'),(268,'湖北','广水'),(269,'湖北','汉川'),(270,'湖北','洪湖'),(271,'湖北','黄冈'),(272,'湖北','黄石'),(273,'湖北','荆门'),(274,'湖北','荆州'),(275,'湖北','老河口'),(276,'湖北','利川'),(277,'湖北','麻城'),(278,'湖北','潜江'),(279,'湖北','十堰'),(280,'湖北','石首'),(281,'湖北','松滋'),(282,'湖北','随州'),(283,'湖北','天门'),(284,'湖北','武汉'),(285,'湖北','武穴'),(286,'湖北','仙桃'),(287,'湖北','咸宁'),(288,'湖北','襄樊'),(289,'湖北','孝感'),(290,'湖北','宜昌'),(291,'湖北','宜城'),(292,'湖北','应城'),(293,'湖北','枣阳'),(294,'湖北','枝城'),(295,'湖北','枝江'),(296,'湖北','钟祥'),(297,'湖南','常德'),(298,'湖南','常宁'),(299,'湖南','郴州'),(300,'湖南','汩罗'),(301,'湖南','衡阳'),(302,'湖南','洪江'),(303,'湖南','怀化'),(304,'湖南','吉首'),(305,'湖南','津市'),(306,'湖南','耒阳'),(307,'湖南','冷水江'),(308,'湖南','醴陵'),(309,'湖南','涟源'),(310,'湖南','临湘'),(311,'湖南','浏阳'),(312,'湖南','娄底'),(313,'湖南','韶山'),(314,'湖南','邵阳'),(315,'湖南','武冈'),(316,'湖南','湘潭'),(317,'湖南','湘乡'),(318,'湖南','益阳'),(319,'湖南','永州'),(320,'湖南','沅江'),(321,'湖南','岳阳'),(322,'湖南','张家界'),(323,'湖南','长沙'),(324,'湖南','株洲'),(325,'湖南','资兴'),(326,'吉林','白城'),(327,'吉林','白山'),(328,'吉林','大安'),(329,'吉林','德惠'),(330,'吉林','敦化'),(331,'吉林','公主岭'),(332,'吉林','和龙'),(333,'吉林','桦甸'),(334,'吉林','珲春'),(335,'吉林','吉林'),(336,'吉林','集安'),(337,'吉林','蛟河'),(338,'吉林','九台'),(339,'吉林','辽源'),(340,'吉林','临江'),(341,'吉林','龙井'),(342,'吉林','梅河口'),(343,'吉林','磐石'),(344,'吉林','舒兰'),(345,'吉林','双辽'),(346,'吉林','四平'),(347,'吉林','松原'),(348,'吉林','洮南'),(349,'吉林','通化'),(350,'吉林','图们'),(351,'吉林','延吉'),(352,'吉林','榆树'),(353,'吉林','长春'),(354,'江苏','常熟'),(355,'江苏','常州'),(356,'江苏','大丰'),(357,'江苏','丹阳'),(358,'江苏','东台'),(359,'江苏','高邮'),(360,'江苏','海门'),(361,'江苏','淮安'),(362,'江苏','淮阴'),(363,'江苏','江都'),(364,'江苏','江阴'),(365,'江苏','姜堰'),(366,'江苏','金坛'),(367,'江苏','靖江'),(368,'江苏','句容'),(369,'江苏','昆山'),(370,'江苏','溧阳'),(371,'江苏','连云港'),(372,'江苏','南京'),(373,'江苏','南通'),(374,'江苏','邳州'),(375,'江苏','启东'),(376,'江苏','如皋'),(377,'江苏','苏州'),(378,'江苏','太仓'),(379,'江苏','泰兴'),(380,'江苏','泰州'),(381,'江苏','通州'),(382,'江苏','无锡'),(383,'江苏','吴江'),(384,'江苏','吴县'),(385,'江苏','武进'),(386,'江苏','锡山'),(387,'江苏','新沂'),(388,'江苏','兴化'),(389,'江苏','宿迁'),(390,'江苏','徐州'),(391,'江苏','盐城'),(392,'江苏','扬中'),(393,'江苏','扬州'),(394,'江苏','仪征'),(395,'江苏','宜兴'),(396,'江苏','张家港'),(397,'江苏','镇江'),(398,'江西','德兴'),(399,'江西','丰城'),(400,'江西','赣州'),(401,'江西','高安'),(402,'江西','贵溪'),(403,'江西','吉安'),(404,'江西','井冈山'),(405,'江西','景德镇'),(406,'江西','九江'),(407,'江西','乐平'),(408,'江西','临川'),(409,'江西','南昌'),(410,'江西','南康'),(411,'江西','萍乡'),(412,'江西','瑞昌'),(413,'江西','瑞金'),(414,'江西','上饶'),(415,'江西','新余'),(416,'江西','宜春'),(417,'江西','鹰潭'),(418,'江西','樟树'),(419,'辽宁','鞍山'),(420,'辽宁','北宁'),(421,'辽宁','北票'),(422,'辽宁','本溪'),(423,'辽宁','朝阳'),(424,'辽宁','大连'),(425,'辽宁','大石桥'),(426,'辽宁','丹东'),(427,'辽宁','灯塔'),(428,'辽宁','东港'),(429,'辽宁','凤城'),(430,'辽宁','抚顺'),(431,'辽宁','阜新'),(432,'辽宁','盖州'),(433,'辽宁','海城'),(434,'辽宁','葫芦岛'),(435,'辽宁','锦州'),(436,'辽宁','开原'),(437,'辽宁','辽阳'),(438,'辽宁','凌海'),(439,'辽宁','凌源'),(440,'辽宁','盘锦'),(441,'辽宁','普兰店'),(442,'辽宁','沈阳'),(443,'辽宁','铁法'),(444,'辽宁','铁岭'),(445,'辽宁','瓦房店'),(446,'辽宁','新民'),(447,'辽宁','兴城'),(448,'辽宁','营口'),(449,'辽宁','庄河'),(450,'内蒙','包头'),(451,'内蒙','赤峰'),(452,'内蒙','东胜'),(453,'内蒙','额尔古纳'),(454,'内蒙','二连浩特'),(455,'内蒙','丰镇'),(456,'内蒙','根河'),(457,'内蒙','海拉尔'),(458,'内蒙','呼和浩特'),(459,'内蒙','霍林郭勒'),(460,'内蒙','集宁'),(461,'内蒙','临河'),(462,'内蒙','满洲里'),(463,'内蒙','通辽'),(464,'内蒙','乌海'),(465,'内蒙','乌兰浩特'),(466,'内蒙','锡林浩特'),(467,'内蒙','牙克石'),(468,'内蒙','扎兰屯'),(469,'宁夏','灵武'),(470,'宁夏','青铜峡'),(471,'宁夏','石嘴山'),(472,'宁夏','吴忠'),(473,'宁夏','银川'),(474,'青海','德令哈'),(475,'青海','格尔木'),(476,'青海','西宁'),(477,'山东','安丘'),(478,'山东','滨州'),(479,'山东','昌邑'),(480,'山东','德州'),(481,'山东','东营'),(482,'山东','肥城'),(483,'山东','高密'),(484,'山东','海阳'),(485,'山东','菏泽'),(486,'山东','即墨'),(487,'山东','济南'),(488,'山东','济宁'),(489,'山东','胶南'),(490,'山东','胶州'),(491,'山东','莱芜'),(492,'山东','莱西'),(493,'山东','莱阳'),(494,'山东','莱州'),(495,'山东','乐陵'),(496,'山东','聊城'),(497,'山东','临清'),(498,'山东','临沂'),(499,'山东','龙口'),(500,'山东','蓬莱'),(501,'山东','平度'),(502,'山东','栖霞'),(503,'山东','青岛'),(504,'山东','青州'),(505,'山东','曲阜'),(506,'山东','日照'),(507,'山东','荣成'),(508,'山东','乳山'),(509,'山东','寿光'),(510,'山东','泰安'),(511,'山东','滕州'),(512,'山东','威海'),(513,'山东','潍坊'),(514,'山东','文登'),(515,'山东','新泰'),(516,'山东','烟台'),(517,'山东','兖州'),(518,'山东','禹城'),(519,'山东','枣庄'),(520,'山东','章丘'),(521,'山东','招远'),(522,'山东','诸城'),(523,'山东','淄博'),(524,'山东','邹城'),(525,'山西','大同'),(526,'山西','汾阳'),(527,'山西','高平'),(528,'山西','古交'),(529,'山西','河津'),(530,'山西','侯马'),(531,'山西','霍州'),(532,'山西','介休'),(533,'山西','晋城'),(534,'山西','离石'),(535,'山西','临汾'),(536,'山西','潞城'),(537,'山西','朔州'),(538,'山西','太原'),(539,'山西','孝义'),(540,'山西','忻州'),(541,'山西','阳泉'),(542,'山西','永济'),(543,'山西','榆次'),(544,'山西','原平'),(545,'山西','运城'),(546,'山西','长治'),(547,'陕西','安康'),(548,'陕西','宝鸡'),(549,'陕西','韩城'),(550,'陕西','汉中'),(551,'陕西','华阴'),(552,'陕西','商州'),(553,'陕西','铜川'),(554,'陕西','渭南'),(555,'陕西','西安'),(556,'陕西','咸阳'),(557,'陕西','兴平'),(558,'陕西','延安'),(559,'陕西','榆林'),(560,'四川','巴中'),(561,'四川','成都'),(562,'四川','崇州'),(563,'四川','达州'),(564,'四川','德阳'),(565,'四川','都江堰'),(566,'四川','峨眉山'),(567,'四川','广汉'),(568,'四川','广元'),(569,'四川','华蓥'),(570,'四川','简阳'),(571,'四川','江油'),(572,'四川','阆中'),(573,'四川','乐山'),(574,'四川','泸州'),(575,'四川','绵阳'),(576,'四川','绵竹'),(577,'四川','南充'),(578,'四川','内江'),(579,'四川','攀枝花'),(580,'四川','彭州'),(581,'四川','邛崃'),(582,'四川','什邡'),(583,'四川','遂宁'),(584,'四川','万源'),(585,'四川','西昌'),(586,'四川','雅安'),(587,'四川','宜宾'),(588,'四川','资阳'),(589,'四川','自贡'),(590,'西藏','日喀则'),(591,'新疆','阿克苏'),(592,'新疆','阿勒泰'),(593,'新疆','阿图什'),(594,'新疆','博乐'),(595,'新疆','昌吉'),(596,'新疆','阜康'),(597,'新疆','哈密'),(598,'新疆','和田'),(599,'新疆','喀什'),(600,'新疆','克拉玛依'),(601,'新疆','库尔勒'),(602,'新疆','奎屯'),(603,'新疆','米泉'),(604,'新疆','塔城'),(605,'新疆','吐鲁番'),(606,'新疆','乌鲁木齐'),(607,'新疆','乌苏'),(608,'新疆','伊宁'),(609,'云南','安宁'),(610,'云南','保山'),(611,'云南','楚雄'),(612,'云南','大理'),(613,'云南','个旧'),(614,'云南','景洪'),(615,'云南','开远'),(616,'云南','昆明'),(617,'云南','潞西'),(618,'云南','曲靖'),(619,'云南','瑞丽'),(620,'云南','思茅'),(621,'云南','宣威'),(622,'云南','玉溪'),(623,'云南','昭通'),(624,'浙江','慈溪'),(625,'浙江','东阳'),(626,'浙江','奉化'),(627,'浙江','富阳'),(628,'浙江','海宁'),(629,'浙江','杭州'),(630,'浙江','湖州'),(631,'浙江','嘉兴'),(632,'浙江','建德'),(633,'浙江','江山'),(634,'浙江','金华'),(635,'浙江','兰溪'),(636,'浙江','乐清'),(637,'浙江','丽水'),(638,'浙江','临安'),(639,'浙江','临海'),(640,'浙江','龙泉'),(641,'浙江','宁波'),(642,'浙江','平湖'),(643,'浙江','衢州'),(644,'浙江','瑞安'),(645,'浙江','上虞'),(646,'浙江','绍兴'),(647,'浙江','嵊州'),(648,'浙江','台州'),(649,'浙江','桐乡'),(650,'浙江','温岭'),(651,'浙江','温州'),(652,'浙江','萧山'),(653,'浙江','义乌'),(654,'浙江','永康'),(655,'浙江','余杭'),(656,'浙江','余姚'),(657,'浙江','舟山'),(658,'浙江','诸暨');
/*!40000 ALTER TABLE `m_city` ENABLE KEYS */;
UNLOCK TABLES;

--
-- Table structure for table `m_item`
--

DROP TABLE IF EXISTS `m_item`;
/*!40101 SET @saved_cs_client     = @@character_set_client */;
/*!40101 SET character_set_client = utf8 */;
CREATE TABLE `m_item` (
  `id` int(11) NOT NULL AUTO_INCREMENT,
  `item_name` varchar(100) NOT NULL,
  `store_id` int(11) NOT NULL,
  `price` decimal(10,2) NOT NULL DEFAULT '0.00',
  `item_img` varchar(100) NOT NULL,
  `total_sale` int(11) NOT NULL DEFAULT '0',
  `star` int(11) DEFAULT '0',
  `inventory` int(11) NOT NULL DEFAULT '0',
  `created_at` datetime NOT NULL DEFAULT CURRENT_TIMESTAMP,
  `updated_at` datetime NOT NULL DEFAULT CURRENT_TIMESTAMP ON UPDATE CURRENT_TIMESTAMP,
  PRIMARY KEY (`id`)
) ENGINE=InnoDB AUTO_INCREMENT=4 DEFAULT CHARSET=utf8;
/*!40101 SET character_set_client = @saved_cs_client */;

--
-- Dumping data for table `m_item`
--

LOCK TABLES `m_item` WRITE;
/*!40000 ALTER TABLE `m_item` DISABLE KEYS */;
INSERT INTO `m_item` VALUES (2,'cat',3,12.00,'/assets/images/upload/6d90eb39-1770-4441-a88f-df491ba6fa2f.jpg',3,0,0,'2019-03-30 15:48:20','2019-05-05 20:14:40'),(3,'dog',3,25.00,'/assets/images/upload/0b26c033-421e-45d3-a455-31e74fa538dc.jpg',7,0,3,'2019-05-05 20:14:24','2019-05-06 20:00:07');
/*!40000 ALTER TABLE `m_item` ENABLE KEYS */;
UNLOCK TABLES;

--
-- Table structure for table `m_order`
--

DROP TABLE IF EXISTS `m_order`;
/*!40101 SET @saved_cs_client     = @@character_set_client */;
/*!40101 SET character_set_client = utf8 */;
CREATE TABLE `m_order` (
  `id` int(11) NOT NULL AUTO_INCREMENT,
  `items` text NOT NULL,
  `account_id` int(11) NOT NULL,
  `store_id` int(11) DEFAULT NULL,
  `order_status` int(11) NOT NULL DEFAULT '0',
  `total_price` decimal(10,2) NOT NULL DEFAULT '0.00',
  `star` int(11) NOT NULL DEFAULT '0',
  `remark` varchar(1000) DEFAULT '',
  `created_at` datetime NOT NULL DEFAULT CURRENT_TIMESTAMP,
  `updated_at` datetime NOT NULL DEFAULT CURRENT_TIMESTAMP ON UPDATE CURRENT_TIMESTAMP,
  PRIMARY KEY (`id`)
) ENGINE=InnoDB AUTO_INCREMENT=25 DEFAULT CHARSET=utf8;
/*!40101 SET character_set_client = @saved_cs_client */;

--
-- Dumping data for table `m_order`
--

LOCK TABLES `m_order` WRITE;
/*!40000 ALTER TABLE `m_order` DISABLE KEYS */;
INSERT INTO `m_order` VALUES (22,'[{\"id\":2,\"itemName\":\"cat\",\"price\":12.0,\"total\":3},{\"id\":3,\"itemName\":\"dog\",\"price\":25.0,\"total\":3}]',3,3,5,111.00,67,'456789','2019-05-05 20:14:40','2019-05-06 21:31:45'),(23,'[{\"id\":3,\"itemName\":\"dog\",\"price\":25.0,\"total\":2}]',3,3,5,50.00,50,'好的','2019-05-06 20:00:00','2019-05-11 18:33:58'),(24,'[{\"id\":3,\"itemName\":\"dog\",\"price\":25.0,\"total\":2}]',3,3,3,50.00,0,'','2019-05-06 20:00:07','2019-05-06 21:44:20');
/*!40000 ALTER TABLE `m_order` ENABLE KEYS */;
UNLOCK TABLES;

--
-- Table structure for table `m_post`
--

DROP TABLE IF EXISTS `m_post`;
/*!40101 SET @saved_cs_client     = @@character_set_client */;
/*!40101 SET character_set_client = utf8 */;
CREATE TABLE `m_post` (
  `id` int(11) NOT NULL AUTO_INCREMENT,
  `post_title` varchar(100) NOT NULL,
  `reply_num` int(11) DEFAULT '0',
  `manager_id` int(11) NOT NULL,
  `created_at` datetime NOT NULL DEFAULT CURRENT_TIMESTAMP,
  `updated_at` datetime NOT NULL DEFAULT CURRENT_TIMESTAMP ON UPDATE CURRENT_TIMESTAMP,
  PRIMARY KEY (`id`)
) ENGINE=InnoDB AUTO_INCREMENT=87 DEFAULT CHARSET=utf8;
/*!40101 SET character_set_client = @saved_cs_client */;

--
-- Dumping data for table `m_post`
--

LOCK TABLES `m_post` WRITE;
/*!40000 ALTER TABLE `m_post` DISABLE KEYS */;
INSERT INTO `m_post` VALUES (56,'test_post——title——_00002',3,4,'2019-05-11 11:27:38','2019-05-11 16:44:10'),(57,'test_post——title——_00003',0,9,'2019-05-11 11:27:38','2019-05-11 11:27:38'),(58,'test_post——title——_00004',0,3,'2019-05-11 11:27:38','2019-05-11 11:27:38'),(59,'test_post——title——_00005',0,4,'2019-05-11 11:27:38','2019-05-11 11:27:38'),(60,'test_post——title——_00006',0,9,'2019-05-11 11:27:38','2019-05-11 11:27:38'),(61,'test_post——title——_00007',0,3,'2019-05-11 11:27:38','2019-05-11 11:27:38'),(62,'test_post——title——_00008',0,4,'2019-05-11 11:27:38','2019-05-11 11:27:38'),(63,'test_post——title——_00009',0,9,'2019-05-11 11:27:38','2019-05-11 11:27:38'),(64,'test_post——title——_00010',0,3,'2019-05-11 11:27:38','2019-05-11 11:27:38'),(65,'test_post——title——_00011',0,4,'2019-05-11 11:27:38','2019-05-11 11:27:38'),(66,'test_post——title——_00012',0,9,'2019-05-11 11:27:38','2019-05-11 11:27:38'),(67,'test_post——title——_00013',0,3,'2019-05-11 11:27:38','2019-05-11 11:27:38'),(68,'test_post——title——_00014',0,4,'2019-05-11 11:27:38','2019-05-11 11:27:38'),(69,'test_post——title——_00015',0,9,'2019-05-11 11:27:38','2019-05-11 11:27:38'),(71,'test_post——title——_00017',2,4,'2019-05-11 11:27:38','2019-05-11 16:44:10'),(72,'test_post——title——_00018',0,9,'2019-05-11 11:27:39','2019-05-11 11:27:39'),(73,'test_post——title——_00019',0,3,'2019-05-11 11:27:39','2019-05-11 11:27:39'),(74,'test_post——title——_00020',0,4,'2019-05-11 11:27:39','2019-05-11 11:27:39'),(75,'test_post——title——_00021',0,9,'2019-05-11 11:27:39','2019-05-11 11:27:39'),(76,'test_post——title——_00022',0,3,'2019-05-11 11:27:39','2019-05-11 11:27:39'),(77,'test_post——title——_00023',0,4,'2019-05-11 11:27:39','2019-05-11 11:27:39'),(78,'test_post——title——_00024',0,9,'2019-05-11 11:27:39','2019-05-11 11:27:39'),(79,'test_post——title——_00025',0,3,'2019-05-11 11:27:39','2019-05-11 11:27:39'),(80,'test_post——title——_00026',0,4,'2019-05-11 11:27:39','2019-05-11 11:27:39'),(81,'test_post——title——_00027',0,9,'2019-05-11 11:27:39','2019-05-11 11:27:39'),(82,'test_post——title——_00028',0,3,'2019-05-11 11:27:39','2019-05-11 11:27:39'),(83,'test_post——title——_00029',0,4,'2019-05-11 11:27:39','2019-05-11 11:27:39'),(84,'test_post——title——_00030',0,9,'2019-05-11 11:27:39','2019-05-11 11:27:39'),(86,'1231231',0,3,'2019-05-11 17:36:06','2019-05-11 17:36:06');
/*!40000 ALTER TABLE `m_post` ENABLE KEYS */;
UNLOCK TABLES;

--
-- Table structure for table `m_reply`
--

DROP TABLE IF EXISTS `m_reply`;
/*!40101 SET @saved_cs_client     = @@character_set_client */;
/*!40101 SET character_set_client = utf8 */;
CREATE TABLE `m_reply` (
  `id` int(11) NOT NULL AUTO_INCREMENT,
  `post_id` int(11) NOT NULL,
  `content` varchar(1000) NOT NULL,
  `reply_id` int(11) DEFAULT NULL,
  `account_id` int(11) NOT NULL,
  `created_at` datetime NOT NULL DEFAULT CURRENT_TIMESTAMP,
  `updated_at` datetime NOT NULL DEFAULT CURRENT_TIMESTAMP ON UPDATE CURRENT_TIMESTAMP,
  PRIMARY KEY (`id`),
  KEY `post_id` (`post_id`),
  CONSTRAINT `m_reply_post_id` FOREIGN KEY (`post_id`) REFERENCES `m_post` (`id`) ON DELETE CASCADE ON UPDATE CASCADE
) ENGINE=InnoDB AUTO_INCREMENT=7 DEFAULT CHARSET=utf8;
/*!40101 SET character_set_client = @saved_cs_client */;

--
-- Dumping data for table `m_reply`
--

LOCK TABLES `m_reply` WRITE;
/*!40000 ALTER TABLE `m_reply` DISABLE KEYS */;
INSERT INTO `m_reply` VALUES (1,56,'test reply',NULL,4,'2019-05-11 14:00:23','2019-05-11 14:00:23'),(2,56,'test 2<br/>123<br/>123<br/>123333333333333333333333333333333333333333333333333333333333333333333',1,4,'2019-05-11 14:00:23','2019-05-11 14:56:10'),(3,56,'<p><span style=\"background-color: rgb(255, 0, 0);\">哈哈哈？？？123</span></p><p><span style=\"background-color: rgb(255, 0, 0);\"><span style=\"color:#FFFF00\">123</span><br/></span></p>',0,3,'2019-05-11 16:22:43','2019-05-11 16:29:25'),(5,71,'<p>Test<br/></p>',0,3,'2019-05-11 16:37:39','2019-05-11 16:37:39'),(6,71,'<p>HGHHH<br/></p>',5,3,'2019-05-11 16:37:45','2019-05-11 17:24:04');
/*!40000 ALTER TABLE `m_reply` ENABLE KEYS */;
UNLOCK TABLES;

--
-- Table structure for table `m_store`
--

DROP TABLE IF EXISTS `m_store`;
/*!40101 SET @saved_cs_client     = @@character_set_client */;
/*!40101 SET character_set_client = utf8 */;
CREATE TABLE `m_store` (
  `id` int(11) NOT NULL AUTO_INCREMENT,
  `store_name` varchar(100) NOT NULL,
  `store_img` varchar(100) NOT NULL,
  `city_id` int(11) NOT NULL DEFAULT '0',
  `type_id` int(11) NOT NULL,
  `special` varchar(20) DEFAULT '',
  `store_phone` varchar(15) DEFAULT NULL,
  `address` varchar(15) DEFAULT NULL,
  `work_time` varchar(15) DEFAULT NULL,
  `hot` int(11) DEFAULT '0',
  `show_index` int(11) DEFAULT '0',
  `created_at` datetime NOT NULL DEFAULT CURRENT_TIMESTAMP,
  `updated_at` datetime NOT NULL DEFAULT CURRENT_TIMESTAMP ON UPDATE CURRENT_TIMESTAMP,
  PRIMARY KEY (`id`),
  KEY `m_store_type_fk` (`type_id`),
  CONSTRAINT `m_store_type_fk` FOREIGN KEY (`type_id`) REFERENCES `m_type` (`id`) ON UPDATE CASCADE
) ENGINE=InnoDB AUTO_INCREMENT=6 DEFAULT CHARSET=utf8;
/*!40101 SET character_set_client = @saved_cs_client */;

--
-- Dumping data for table `m_store`
--

LOCK TABLES `m_store` WRITE;
/*!40000 ALTER TABLE `m_store` DISABLE KEYS */;
INSERT INTO `m_store` VALUES (3,'肯德基北京总店','/assets/images/upload/03e4aa8a-a0b0-46f8-8266-8941bb2db4c9.jpg',1,1,'炸鸡3','1008611','某个地方','16:00-10:00',0,1,'2019-03-24 19:09:34','2019-04-14 16:32:25'),(4,'老北京鸡肉卷','/assets/images/upload/2a952592-8938-4e41-af81-a0254d5092f5.jpg',1,3,'好吃','10000000','北京市','9:00-20:00',0,1,'2019-04-14 16:19:21','2019-04-14 16:32:29'),(5,'重庆鸡公煲','/assets/images/upload/b2427b52-3262-4b38-9493-48e2aa26da7b.jpg',4,3,'煲饭','111111','12312312','9:00-22:00',0,1,'2019-05-07 13:14:35','2019-05-07 13:14:35');
/*!40000 ALTER TABLE `m_store` ENABLE KEYS */;
UNLOCK TABLES;

--
-- Table structure for table `m_type`
--

DROP TABLE IF EXISTS `m_type`;
/*!40101 SET @saved_cs_client     = @@character_set_client */;
/*!40101 SET character_set_client = utf8 */;
CREATE TABLE `m_type` (
  `id` int(11) NOT NULL AUTO_INCREMENT,
  `main_type` varchar(10) NOT NULL,
  `type_name` varchar(10) NOT NULL,
  PRIMARY KEY (`id`),
  UNIQUE KEY `m_type_index` (`main_type`,`type_name`)
) ENGINE=InnoDB AUTO_INCREMENT=8 DEFAULT CHARSET=utf8;
/*!40101 SET character_set_client = @saved_cs_client */;

--
-- Dumping data for table `m_type`
--

LOCK TABLES `m_type` WRITE;
/*!40000 ALTER TABLE `m_type` DISABLE KEYS */;
INSERT INTO `m_type` VALUES (7,'娱乐','电影'),(4,'旅游','境内游'),(5,'旅游','境外游'),(3,'美食','中餐'),(1,'美食','快餐'),(6,'美食','西餐');
/*!40000 ALTER TABLE `m_type` ENABLE KEYS */;
UNLOCK TABLES;
/*!40103 SET TIME_ZONE=@OLD_TIME_ZONE */;

/*!40101 SET SQL_MODE=@OLD_SQL_MODE */;
/*!40014 SET FOREIGN_KEY_CHECKS=@OLD_FOREIGN_KEY_CHECKS */;
/*!40014 SET UNIQUE_CHECKS=@OLD_UNIQUE_CHECKS */;
/*!40101 SET CHARACTER_SET_CLIENT=@OLD_CHARACTER_SET_CLIENT */;
/*!40101 SET CHARACTER_SET_RESULTS=@OLD_CHARACTER_SET_RESULTS */;
/*!40101 SET COLLATION_CONNECTION=@OLD_COLLATION_CONNECTION */;
/*!40111 SET SQL_NOTES=@OLD_SQL_NOTES */;

-- Dump completed on 2019-05-11 20:16:18
